ARCH-001	A Trust Platform adotará oficialmente Event-Driven Architecture como padrão de comunicação entre domínios. A comunicação síncrona permanecerá disponível para casos em que a resposta imediata seja essencial, mas não deverá ser utilizada como mecanismo padrão de integração entre bounded contexts. Todo
ARCH-002	A Trust Platform adotará este padrão como contrato obrigatório para todos os Domain Events. Nenhum novo evento entre bounded contexts deverá ser criado fora deste padrão sem uma exceção arquitetural formalmente aprovada. 26. Documentos Relacionados ENG-000 — Trust Engineering Principles ARCH-001 — E
ARCH-003	A Trust Platform adotará um Notification Domain centralizado e orientado a eventos. Domínios de negócio publicarão fatos; o Notification Orchestrator determinará se, como, quando e por qual canal a comunicação deverá ser realizada. A arquitetura deverá suportar português como idioma inicial e intern
ARCH-004	Observabilidade será requisito obrigatório para todos os novos serviços da Trust Platform. OpenTelemetry será o padrão de instrumentação. O stack específico de armazenamento e visualização poderá evoluir sem alterar o contrato de instrumentação. 24. Documentos Relacionados ENG-000 — Trust Engineerin
ARCH-005	A Trust Platform adotará uma arquitetura centralizada de Identity & Access Management, combinando OAuth 2.0, OpenID Connect, RBAC e ABAC conforme a complexidade do recurso. Segurança será aplicada em múltiplas camadas, e todas as identidades humanas, serviços e agentes de IA deverão ser autenticávei
ARCH-006	A Trust Platform adotará Audit & Compliance como capacidade transversal. Os domínios deverão produzir fatos e metadados suficientes para auditoria, enquanto a camada central manterá trilhas e evidências críticas com proteção adequada, retenção definida e acesso controlado. 23. Documentos Relacionado
ARCH-007	A Trust Platform adotará uma arquitetura AI-Ready baseada em AI Gateway, Model Router, Agent Runtime, Tool Gateway, Policy Engine, observabilidade e auditoria. A arquitetura permanecerá independente de fornecedor de modelo e permitirá evolução gradual de copilotos para agentes mais autônomos, sem in
ARCH-008	A Trust Platform adotará Data Ownership por domínio, isolamento de armazenamento operacional, contratos explícitos para dados compartilhados e uma camada analítica desacoplada. Dados críticos deverão possuir classificação, owner, qualidade, retenção, segurança e lineage definidos. 24. Documentos Rel
ARCH-009	A Trust Platform adotará API First e Contract First para APIs, REST/JSON como padrão síncrono inicial e Event-Driven Architecture para comunicação assíncrona entre domínios. Todas as APIs deverão ser versionadas, documentadas, seguras, observáveis e evoluíveis. 25. Documentos Relacionados ENG-000 — 
ARCH-010	A Trust Platform adotará uma Integration Layer baseada em Ports & Adapters, tratando sistemas externos como dependências não confiáveis e substituíveis. Integrações críticas deverão possuir autenticação forte, idempotência, resiliência, observabilidade e reconciliação. 26. Documentos Relacionados EN
ARCH-011	A Trust Platform adotará infraestrutura Cloud Native, automatizada e definida como código. Containers serão o padrão para serviços, e a orquestração deverá ser adotada proporcionalmente à complexidade. Deployments serão automatizados e observáveis, com estratégias de rollback e recuperação para comp
ARCH-012	A Trust Platform adotará Quality Engineering como responsabilidade de todo o ciclo de desenvolvimento. Testes automatizados serão parte obrigatória do pipeline, com maior profundidade para caminhos financeiros, segurança, eventos, integrações críticas e funcionalidades de IA. 28. Documentos Relacion
ARCH-013	A Trust Platform tratará Disaster Recovery e Business Continuity como capacidades arquiteturais e operacionais obrigatórias. A estratégia será baseada em criticidade, RTO/RPO, backups testados, recuperação automatizada quando possível, runbooks e exercícios periódicos. 25. Documentos Relacionados EN
ARCH-014	A Trust Platform adotará gestão centralizada e auditável de configurações e Feature Flags, mantendo secrets separados, ambientes isolados e controles reforçados para parâmetros financeiros, de segurança e compliance. Feature Flags serão tratadas como mecanismo operacional controlado, não como substi
ARCH-015	A Trust Platform adotará Search como read model especializado e reconstruível, desacoplado das fontes transacionais. Indexação será preferencialmente orientada a eventos, com autorização aplicada aos resultados e suporte inicial a português, mantendo arquitetura preparada para múltiplos idiomas. 26.
ARCH-016	A Trust Platform adotará object storage como padrão para conteúdo binário, separando arquivos de seus metadados transacionais. Acesso será privado e autorizado por padrão, com versionamento, integridade, lifecycle, auditoria e abstração do provider. 26. Documentos Relacionados ENG-000 — Trust Engine
ARCH-017	A Trust Platform adotará caching como mecanismo de otimização desacoplado da fonte de verdade. Estratégias serão escolhidas por caso de uso, com TTL explícito, invalidação controlada, isolamento por tenant e monitoramento. Operações financeiras críticas permanecerão dependentes do estado autoritativ
ARCH-018	A Trust Platform adotará Organization/Tenant como boundary de negócio e segurança. O padrão inicial será isolamento lógico forte sobre infraestrutura compartilhada, com mecanismos preparados para isolamento físico por cliente quando requisitos enterprise, regulatórios ou de risco justificarem. 27. D
ARCH-019	A Trust Platform adotará rate limiting e quota management multi-dimensional, combinando identidade, tenant, endpoint, integração e agente. Controles serão distribuídos em camadas e complementados por detecção de abuso e respostas proporcionais ao risco. 28. Documentos Relacionados ENG-000 — Trust En
ARCH-020	A Trust Platform adotará uma Notification Platform assíncrona, orientada a eventos, com templates versionados, preferências por usuário, abstração de providers, retry/idempotência, observabilidade e suporte inicial em português (pt-BR), preparada para múltiplos canais e idiomas. 27. Documentos Relac
ARCH-021	A Trust Platform adotará workflow orchestration explícita para processos de longa duração e coordenação entre domínios. O estado do processo será persistente, versionado e auditável, com idempotência, retries, compensação e approvals como capacidades nativas. 28. Documentos Relacionados ENG-000 — Tr
ARCH-022	A Trust Platform adotará scheduler + durable queue + worker pattern para tarefas de background e recorrentes. Jobs críticos serão persistentes, idempotentes, observáveis e recuperáveis, com controle explícito de timezone, concorrência, retry e capacidade. 29. Documentos Relacionados ENG-000 — Trust 
ARCH-023	A Trust Platform adotará Secret Manager e KMS/HSM como mecanismos centrais para secrets e chaves, privilegiando credenciais temporárias, rotação automática, least privilege, isolamento por ambiente e auditoria. Agentes e aplicações deverão receber capacidades controladas, não credenciais administrat
ARCH-024	A Trust Platform adotará uma arquitetura centralizada de identidade baseada em padrões modernos de OIDC/OAuth, com sessões e tokens de curta duração, MFA para acessos de risco, identidade de workload para serviços e identidade própria para futuros AI Agents. O contexto de tenant será validado e prop
ARCH-025	A Trust Platform adotará RBAC como base, complementado por ABAC/policies contextuais quando necessário. Autorização será server-side, tenant-aware, default-deny e auditável. Políticas críticas serão versionadas e deverão permitir reconstrução da decisão aplicada. 30. Documentos Relacionados ENG-000 
ARCH-026	A Trust Platform adotará uma camada de Audit & Compliance Evidence separada dos logs operacionais, com eventos estruturados, append-only/tamper-evident storage quando necessário, retention policy, Legal Hold, exportação controlada e rastreabilidade ponta a ponta. Ações de AI serão identificadas como
ARCH-027	A Trust Platform adotará Privacy by Design como princípio arquitetural, com minimização de dados, classificação, controle de acesso, lifecycle, retenção, exclusão e auditoria. A plataforma será preparada para suportar LGPD e requisitos internacionais aplicáveis, mantendo avaliação jurídica e de priv
ARCH-028	A Trust Platform adotará observabilidade como capacidade transversal, combinando Metrics, Logs e Distributed Tracing com Business Observability. SLOs e alertas serão definidos para caminhos críticos, incluindo pagamentos, workflows, integrações, eventos, segurança e AI workloads. 31. Documentos Rela
ARCH-029	A Trust Platform adotará uma estratégia de resilience-by-design baseada em timeouts, retries controlados, idempotência, circuit breakers, bulkheads, graceful degradation e recovery explícito. Operações financeiras e ações de AI terão tratamento reforçado para resultados desconhecidos, falhas de prov
ARCH-030	A Trust Platform adotará uma estratégia de DR/BC baseada em criticidade de negócio, com RTO/RPO explícitos, backups automatizados e testados, recovery procedures, proteção contra destruição de dados e capacidade de failover quando justificada. Recovery deverá validar integridade, segurança, tenant i
ARCH-031	A Trust Platform adotará infraestrutura cloud-first, automatizada e versionada, com ambientes isolados, Infrastructure as Code, CI/CD com quality gates, deployments controlados e observáveis, rollback e integração nativa com segurança, observabilidade e Disaster Recovery. 31. Documentos Relacionados
ARCH-032	A Trust Platform adotará CI/CD automatizado com build once/promote many, artefatos imutáveis e versionados, quality/security gates, progressive delivery quando necessário, rollback e rastreabilidade completa de mudanças. Configurações, policies e AI assets relevantes também serão versionados e entre
ARCH-033	A Trust Platform adotará uma camada de Edge composta por CDN/WAF/API Gateway, responsável por proteção, roteamento, autenticação de entrada, rate limiting, quotas e controles de tráfego. Regras de negócio e resource authorization permanecerão nos serviços e no Policy Engine, evitando transformar o G
ARCH-034	A Trust Platform utilizará uma combinação de synchronous APIs e asynchronous events/queues, com workload identity, private networking, explicit service authorization, timeout/retry controls e observabilidade distribuída. A comunicação interna será tratada como uma trust boundary e não como uma zona 
ARCH-035	A Trust Platform adotará persistência orientada a domínio, com transactional databases como system of record, read models derivados quando necessário, Outbox para integração confiável, idempotency e controle explícito de concorrência. Dados financeiros terão requisitos reforçados de integridade e re
ARCH-036	A Trust Platform tratará caches, search indexes e read models como camadas derivadas e descartáveis/reconstruíveis. A fonte de verdade permanece nos domínios transacionais. Toda otimização deverá preservar autorização, tenant isolation e requisitos de consistência do negócio. 29. Documentos Relacion
ARCH-037	A Trust Platform utilizará Object Storage como padrão para conteúdo binário, mantendo metadata e ownership no transactional database. Uploads serão tratados como untrusted input, com validação e malware scanning. Acesso será tenant-aware, autorizado e preferencialmente entregue por URLs temporárias.
ARCH-038	A Trust Platform adotará um Notification Service desacoplado dos domínios transacionais, baseado em eventos e adapters de canais. Entregas serão assíncronas, observáveis, idempotentes e sujeitas a preferências, privacidade e políticas. Notificações críticas terão mecanismos de escalonamento e fallba
ARCH-039	A Trust Platform tratará workflows e approvals como objetos persistentes, versionados e auditáveis. Human-in-the-loop será um mecanismo arquitetural explícito para controlar ações de maior risco, especialmente quando AI estiver envolvida. A autoridade de decisão nunca será inferida da recomendação d
ARCH-040	A Trust Platform adotará um Policy/Rules Engine centralizado para decisões governadas, versionadas, testáveis e auditáveis. Business Policy e Authorization permanecerão conceitos distintos. Para AI Agents, policies serão avaliadas fora do modelo e enforcement ocorrerá no Tool/Action Gateway, impedin
ARCH-041	A Trust Platform adotará AI Agents como atores governados e limitados. Todo acesso operacional ocorrerá por Tool Gateway, com identidade, autorização, policy evaluation, limites de orçamento e, quando necessário, aprovação humana. O modelo nunca será a autoridade final para autorizar sua própria açã
ARCH-042	A Trust Platform tratará Tenant Isolation como uma security boundary transversal. O tenant context será derivado de identidade confiável e validado em cada trust boundary relevante. Shared tenancy será o padrão econômico, enquanto Enterprise/Restricted tiers poderão utilizar isolamento dedicado conf
ARCH-043	A Trust Platform adotará configuração centralizada e versionada, feature flags para mudanças progressivas e kill switches para capacidades de risco elevado. Secrets permanecerão fora dessa camada. Configurações críticas terão owner, escopo, validade, auditoria e rollback. 28. Relação com AI Buyer A 
ARCH-044	A Trust Platform utilizará Secret Manager/KMS gerenciados, workload identities e credenciais de curta duração sempre que possível. Secrets e cryptographic keys permanecerão fora de source code, Feature Flags e AI model context. O acesso será least-privilege, auditável e sujeito a lifecycle/rotation.
ARCH-045	A Trust Platform adotará security monitoring centralizado, com SIEM/detection capabilities, incident response estruturado e automação controlada de contenção. Security telemetry será correlacionada por identity, tenant, resource e trace. AI Agents terão controles específicos de detecção, redução de 
ARCH-046	A Trust Platform adotará Privacy by Design, classificação de dados e lifecycle management como capacidades arquiteturais transversais. LGPD requirements serão refletidos em access control, retention, deletion, sharing, logging, tenant isolation e AI context management. A implementação jurídica espec
ARCH-047	A Trust Platform terá um audit trail dedicado e protegido, separado de application logs e sujeito a integrity controls, retention e acesso privilegiado. Ações críticas de usuários, serviços e AI Agents serão correlacionáveis de ponta a ponta. Evidências de alta criticidade poderão utilizar append-on
ARCH-048	A Trust Platform utilizará uma camada de Integration Adapters/Gateways para encapsular sistemas externos. APIs, Webhooks, Events e File Exchanges seguirão contratos versionados, autenticação, idempotência, observabilidade e políticas de retry/reconciliation. AI Agents nunca acessarão sistemas extern
ARCH-049	A Trust Platform adotará uma camada de Enterprise Search & Retrieval composta por lexical, semantic/vector e hybrid retrieval, sempre subordinada a tenant isolation e authorization. Search/indexes são derived data; o source of record continua sendo o sistema transacional ou documental apropriado. 32
ARCH-050	A Trust Platform manterá workloads analíticos separados dos sistemas transacionais. Uma camada de dados conformed/semantic fornecerá métricas governadas para BI, operational intelligence e AI decision support. Toda métrica material deverá possuir definição, owner, source, lineage e regras de qualida
ARCH-051	A Trust Platform adotará governança de dados baseada em ownership explícito, canonical models, master data controlado, reference data versionado e data contracts. Sistemas derivados deverão referenciar o source of truth, evitando divergência semântica e múltiplas versões não governadas de entidades 
ARCH-052	A Trust Platform tratará migrações e backfills como operações de engenharia governadas, versionadas, observáveis e reconciliáveis. Derived data deverá ser reconstruível a partir do source of truth. Cargas críticas terão dry run, checkpoints, reconciliation e plano de recuperação. 32. Relação com AI 
ARCH-053	A Trust Platform adotará Quality Engineering em múltiplas camadas, com automação no CI/CD, testes de segurança/tenant isolation, performance e resiliência. AI capabilities terão evaluation datasets, adversarial testing, regression gates e human evaluation para cenários de alto impacto. 34. Relação c
ARCH-054	A Trust Platform será projetada para graceful degradation, recovery por tiers de criticidade e reconstrução de dados derivados. RTO/RPO serão definidos por capability. Backups, failover e recovery serão testados periodicamente, e AI capabilities de alto risco serão desabilitadas ou transferidas para
ARCH-055	A Trust Platform possuirá um Control Plane administrativo separado do Tenant Business Plane. Operações de tenant lifecycle, entitlements, quotas, global security baselines e AI capability management serão centralizadas, fortemente autenticadas, least-privilege e auditadas. 33. Relação com AI Buyer O
ARCH-056	A Trust Platform terá um Usage Metering/Usage Ledger separado da lógica transacional. Entitlements e quotas serão aplicados no Control Plane e nos respectivos gateways/services. Billing será calculado a partir de eventos de uso auditáveis e versionados, permitindo correções por adjustment events. 31
ARCH-057	A Trust Platform será extensível por APIs, SDKs, Webhooks/Events e governados Extensions/Tools. Versionamento e compatibility serão requisitos de primeira classe. Extensions e AI Tools terão identidade, permissions, budgets, lifecycle e audit, sem acesso implícito ao core da plataforma. 32. Relação 
ARCH-058	A Trust Platform separará internationalization da lógica de negócio. Locale, timezone, currency e region serão dados explícitos de contexto. Multi-region será suportado por uma combinação de regional workloads, region-aware routing e políticas de data residency, sem permitir failover que viole requi
ARCH-059	A Trust Platform adotará responsive experience como padrão e poderá oferecer aplicações mobile específicas para workflows de alta frequência/valor. Offline será explícito, limitado e reconciliável. Mobile/field experiences utilizarão as mesmas identity, authorization, policy, tool gateway e audit ca
ARCH-060	A Trust Platform terá um Service Management layer para incidents, service requests, problems e changes, com SLA, ownership, escalation e audit. Suporte terá acesso mínimo necessário e temporário, preservando tenant isolation. 30. Relação com AI Buyer Problemas de execução do AI Buyer deverão ser dia
ARCH-061	A Trust Platform separará deployment de activation e adotará feature flags, canary e progressive delivery. Mudanças críticas poderão ser limitadas por tenant/cohort e rapidamente desabilitadas. AI capabilities seguirão rollout progressivo e avaliação específica antes da expansão. 30. Relação com AI 
ARCH-062	A Trust Platform separará código, configuração, tenant settings e secrets. Configurações serão versionadas e governadas; secrets serão armazenados exclusivamente em mecanismos apropriados de secret/key management. Runtime controls terão auditoria, rollback e drift detection. 30. Relação com AI Buyer
ARCH-063	A Trust Platform adotará um Security Operations lifecycle integrado ao SDLC e à operação, com vulnerability management contínuo, dependency intelligence, security testing, incident response e controles específicos para AI. Vulnerabilidades críticas e riscos de segurança terão ownership, SLA e valida
ARCH-064	A Trust Platform tratará compliance como sistema operacional de requisitos, políticas, controles, evidências e mudanças. Regulatory change deverá gerar impact assessment e, quando necessário, alteração de policy, controls, tests e rollout. Compliance será tenant/region-aware sem permitir enfraquecim
ARCH-065	A Trust Platform adotará decision rights explícitos e risk governance integrado ao produto. Capabilities críticas terão owner, approval boundary, escalation path e evidence. AI autonomy será governada por tiers, policies, thresholds e risk ownership, nunca por configuração técnica isolada. 29. Relaç
ARCH-066	A Trust Platform adotará um onboarding lifecycle padronizado e configurável por tenant. Customer-specific needs serão atendidas preferencialmente por configuration, policy, workflow, integration adapters e extensions, evitando forks do core. Go-live dependerá de readiness verificável. 31. Relação co
ARCH-067	A Trust Platform terá product analytics separado da transação operacional, com eventos tenant-attributed, semantic KPIs e customer health model explicável. Analytics deverá alimentar ações de Customer Success, Product e Governance, e não apenas dashboards. 28. Relação com AI Buyer A adoção do AI Buy
ARCH-068	A Trust Platform adotará um reliability framework baseado em SLIs/SLOs internos e SLAs contratuais mensuráveis. Error budgets orientarão decisões de release e investimento em reliability. Service credits serão tratados como consequência contratual baseada em evidência, não como métrica operacional. 
ARCH-069	A Trust Platform tratará Contract, Subscription, Entitlement e Authorization como camadas relacionadas, porém distintas. O contrato define o direito comercial; o Control Plane materializa o entitlement; Authorization e Policy determinam se uma ação é permitida. Mudanças comerciais serão versionadas 
ARCH-070	A Trust Platform tratará data portability e customer exit como capacidades nativas. Clientes poderão exportar dados por APIs e bulk packages, com schema, metadata e integrity evidence. Offboarding terá lifecycle explícito de export, retenção e deletion, preservando obrigações legais/contratuais. 32.
ARCH-071	A Trust Platform terá information lifecycle governado por record type, jurisdiction, tenant policy e legal hold. Retention e deletion serão executáveis e auditáveis, e legal hold terá precedência sobre a disposição normal. Backups possuirão lifecycle próprio. 30. Relação com AI Buyer O AI Buyer deve
ARCH-072	A Trust Platform suportará enterprise federation via OIDC/SAML e lifecycle provisioning via SCIM, mantendo separação entre authentication e authorization. Tenant context será obrigatório e non-human identities terão modelo próprio. 30. Relação com AI Buyer O AI Buyer terá identidade não-humana própr
ARCH-073	A Trust Platform adotará workload identities e service-to-service authorization com delegation explícita. Tokens serão audience- e scope-bound, e nenhuma identidade de serviço ou Agent receberá autoridade de negócio apenas por estar autenticada. 30. Relação com AI Buyer O AI Buyer operará sob delega
ARCH-074	A Trust Platform adotará API Gateway e policy-driven API controls para autenticação, autorização, rate limiting, quotas, abuse prevention e observabilidade. APIs de alto impacto terão controles reforçados e lifecycle formal. 31. Relação com AI Buyer Tools expostas ao AI Buyer serão tratadas como hig
ARCH-075	A Trust Platform adotará APIs para interações síncronas e eventos/mensageria para desacoplamento e processos assíncronos. Workflows long-running terão estado durável, retries bounded, idempotency e mecanismos de compensation. Eventos serão governados por schema e ownership. 32. Relação com AI Buyer 
ARCH-076	A Trust Platform adotará hybrid search e retrieval authorization-aware, com tenant isolation, provenance e freshness controls. AI Agents utilizarão gateways de conhecimento e não terão acesso irrestrito aos índices ou bancos de dados. 31. Relação com AI Buyer O AI Buyer dependerá de retrieval como c
ARCH-077	A Trust Platform adotará um AI Model Gateway como camada obrigatória entre aplicações/Agents e providers de AI. Model selection, provider access, cost controls, data policy, fallback e observability serão centralizados e governados. 31. Relação com AI Buyer O AI Buyer utilizará o Model Gateway e não
ARCH-078	A Trust Platform adotará evaluation-driven AI governance. Toda capability relevante terá risk classification, evaluation evidence, release gate e production monitoring. Mudanças de model, prompt, tool, retrieval ou policy poderão disparar nova avaliação. 30. Relação com AI Buyer O AI Buyer terá auto
ARCH-079	A Trust Platform adotará um AI Governance Operating Model com inventory, risk tiers, lifecycle states, cross-functional review e evidence-based approval. High-impact AI capabilities terão governance gates explícitos, e autonomia poderá ser reduzida ou suspensa quando o risco ou performance se deteri
ARCH-080	A Trust Platform adotará Agent Registry e Capability Registry como control-plane capabilities. Agents serão descobertos e distribuídos por marketplace, mas discovery nunca equivalerá a authorization. Publishing, installation, versioning e retirement serão governados e auditáveis. 31. Relação com AI 
ARCH-081	A Trust Platform oferecerá low-code e pro-code development paths sobre o mesmo governed Agent Runtime. Todas as extensões deverão declarar permissions, dependencies e side effects, passando pelos mesmos controls de security, policy, evaluation e governance. 32. Relação com AI Buyer O AI Buyer será e
